{
    "led_per_side": 18,
    "faces": [
        { "layer": 0, "index": 0, "face_id": 0, "pos": [ 0.513265093712594, 0.33333332633514823, 0.0 ] },
        { "layer": 1, "index": 0, "face_id": 1, "pos": [ 0.34217050774665403, 0.4444365131679845, 0.33333333333333337 ] },
        { "layer": 1, "index": 1, "face_id": 2, "pos": [ 0.513265093712594, 0.11111110178019763, 0.33333333333333337 ] },
        { "layer": 1, "index": 2, "face_id": 3, "pos": [ 0.6843534645048538, 0.4444444281153458, 0.33333333333333337 ] }
    ]
}
